Brand	Vendor	Name	Code name	Micro arch.	Launch	Bus	Host	Form	Lith.	Core freq.	Shader freq.	Memory freq.	Mem. size	Mem. width, type	System	Kernel module	OpenGL driver	OpenGL	GLSL	Bones	Tester	Availability	Updated	Unv.	Status	Preset	Resolution	Note	FPS	
AMD	AMD	Radeon Pro W7600	Navi 33	RDNA 3.0	2023-08-03	PCIe 4.0 x8	workstation	discrete	6nm	244MHz	-	1800MT/s	8GB	128-bit, GDDR6	Ubuntu 23.10	Linux 6.5.0 amdgpu	Mesa 23.2.1 radeonsi	Core 4.6	Core 4.60	256	illwieckz	configured	2023-10-27	0.55~	passed	ultra	3840×2160	-	294-330	
AMD	↑	↑	↑	↑	↑	↑	↑	↑	↑	↑	↑	↑	↑	↑	Ubuntu 23.10	Linux 6.5.0 amdgpu	ATI 23.20 oglp	Core 4.6	Core 4.60	256	illwieckz	unconfigured	2023-10-27	0.55~	passed	ultra	3840×2160	-	246-307	0.54:105-125
AMD	AMD	Radeon 780M	Navi III IGP	RDNA 3.0	2023-01-04	PCIe 4.0 x8	laptop	integrated	4nm	1500-2700MHz	-	-	4GB	-	Fedora	Linux 6.5.6 amdgpu	Mesa 23.2.1 radeonsi	Core 4.6	Core 4.60	256	kai	configured	2023-12-21	0.54.1	passed	ultra	2256×1504+	-	120	
AMD	Valve (Steam Deck)	Custom 0405	VanGhogh	RDNA 2.0	2022-02-25	PCIe 4.0 x8?	console	integrated	7nm	1600MHz	1375MHz	-	16GB	128-bit, LPDDR5	Ubuntu 	Linux 5.15.0 amdgpu	Mesa 22.0.5 radeonsi	Core 4.6	Core 4.60	256	illwieckz	configured	2022-10-08	0.53.2	passed	ultra	3840×2160	-	87-82	
AMD	Asus	Radeon RX 6800S	Navi 23	RDNA 2.0	2022-01-04	PCIe 4.0 x8	laptop	-	7nm	1975MHz	-	1600MT/s	8GB	128-bit, GDDR6	Arch	Linux 5.18.3 amdgpu	Mesa 22.1.1 radeonsi	Core 4.6	Core 4.60	256	kai	configured	2022-06-17	0.52.1	passed	ultra	2560×1600+	-	-	
AMD	Asus	Radeon RX 680M	Rembrandt	RDNA 2.0	2022-01-04	PCIe 4.0 x8	laptop	integrated	7nm	2400MHz	-	-	-	-	Arch	Linux 5.18.3 amdgpu	Mesa 22.1.1 radeonsi	Core 4.6	Core 4.60	256	kai	configured	2022-06-17	0.52.1	passed	ultra	2560×1600+	-	-	
AMD	Apple	Radeon Pro 5500M	Navi 14	RDNA 1.0	2019-10-07	PCIe 3.0 x16	laptop	onboard	-	-	-	-	4GB	128-bit, GDDR6	macOS 10.15.7	Darwin 19.6.0	ATI 4.4.17	Core 4.1	4.10	233	kai	configured	2021-04-30	0.52~	passed	ultra	3840×2160	-	-	
AMD	Gigabyte	Radeon RX 5700 XT	Navi 10 XT	RDNA 1.0	2019-07-07	PCIe 3.0 x16	workstation	discrete	-	-	-	-	8GB	256-bit, GDDR6	Arch	Linux 6.0.12 amdgpu	Mesa 22.2.3 radeonsi	Core 4.6	Core 4.60	256	kai	configured	2022-12-19	0.53.2	passed	ultra	3840×2160	-	-	2560x1440
AMD	↑	↑	↑	↑	↑	↑	↑	↑	↑	↑	↑	↑	↑	↑	Windows 10 2004	NT 19041.508	Adrenalin 20.7.1	Core 4.6	Core 4.60	256	kai	configured	2020-10-12	0.51.1	passed	ultra	3840×2160	-	-	
AMD	↑	↑	↑	↑	↑	↑	↑	↑	↑	↑	↑	↑	↑	↑	macOS 10.15.7	Darwin 19.6.0	ATI 3.10.18	2.1	1.20	233	kai	unconfigured	2020-10-12	0.51.1	passed	ultra	3840×2160	-	-	
AMD	AMD	Radeon RX Vega 8	Picasso / Raven2	GCN 5.0	2019-07-07	PCIe 3.0 x16?	workstation	integrated	12nm	1250MHz	N/A	-	2GB	DDR4-2133	Ubuntu 20.04	Linux 5.8.0 amdgpu	Mesa 20.2.6 radeonsi	Core 4.6	Core 4.60	256	illwieckz	unconfigured	2021-10-24	0.52.1	passed	high	3840×2160	-	75-72	
AMD	Atari (VCS 800)	Radeon RX Vega 3 (R1606G)	Picasso / Raven2	GCN 5.0	2019-04-16	PCIe 3.0 x8?	console	integrated	14nm	1200MHz	N/A	-	2GB	DDR4-2400	Ubuntu 20.04	Linux 5.8.0 amdgpu	Mesa 20.2.6 radeonsi	Core 4.6	Core 4.60	256	illwieckz	unconfigured	2021-01-09	0.52~	passed	ultra	1920×1080	-	62	
AMD	AMD	Radeon VII	Vega 20	GCN 5.0	2019-02-07	PCIe 3.0 x16	workstation	discrete	-	-	-	-	16GB	4096-bit, HBM2	Windows 10 2004	NT 19041.508	Adrenalin 20.7.1	Core 4.6	Core 4.60	256	kai	configured	2020-10-12	0.51.1	passed	ultra	3840×2160	-	-	
AMD	↑	↑	↑	↑	↑	↑	↑	↑	↑	↑	↑	↑	↑	↑	macOS 10.15.7	Darwin 19.6.0	ATI 3.10.18	2.1	1.20	233	kai	unconfigured	2020-10-12	0.51.1	passed	ultra	1920×1080	-	-	
AMD	Sapphire	Radeon RX Vega 56 Nitro+	Vega 10 XL	GCN 5.0	2017-08-28	PCIe 3.0 x16	workstation	discrete	14nm	N/A	825-1590MHz	167-800MHz	8GB	2048-bit, HBM2	Mageia 8 beta 1	Linux 5.7.6 amdgpu	Mesa 20.1.1 radeonsi	Core 4.6	Core 4.60	256	illwieckz	lost	2020-10-07	0.52~	passed	ultra	3840×2160	-	-	
AMD	AMD	Radeon Instinct MI25	Vega 10	GCN 5.0	2017-06-20	PCIe 3.0 x16	server	discrete	14nm	1400-1500MHz	-	1890MT/s	16GB	4096-bit, HBM2	Ubuntu 22.04.1	Linux 5.15.0 amdgpu	Mesa 22.0.5 radeonsi	Core 4.6	Core 4.60	256	illwieckz	unconfigured	2022-11-14	0.53.2	passed	ultra	3840×2160	-	-	
AMD	Asus	Radeon RX 570	Polaris 20 XL	GCN 4.0	2017-04-18	PCIe 3.0 x16	workstation	discrete	14nm	N/A	1168-1244MHz	-	4GB	256-bit, GDDR5	Ubuntu 20.04	Linux 5.4.0 amdgpu	Mesa 20.0.8 radeonsi	Core 4.6	Core 4.60	256	illwieckz	foreign	2020-09-02	0.52~	passed	ultra	3840×2160	-	-	
AMD	QNAP (TVS-x73e)	Radeon R7 (RX-421BD)	Carrizo / Wani	GCN 3.0	2015-10-21	PCIe 3.0 x16?	NAS	integrated	28nm	N/A	800MHz	-	512MB	DDR4-2400	Ubuntu 20.04	Linux 5.4.0 amdgpu	Mesa 20.0.8 radeonsi	Core 4.6	Core 4.60	256	illwieckz	unconfigured	2020-07-21	0.52~	passed	ultra	2560×1440	-	-	
AMD	↑	↑	↑	↑	↑	↑	↑	↑	↑	↑	↑	↑	↑	↑	Ubuntu 20.04	Linux 5.4.0 amdgpu	ATI 20.20 oglp	Core 4.6	Core 4.60	256	illwieckz	unconfigured	2020-08-20	0.52~	passed	medium	2560×1440	-	-	
AMD	MSI	Radeon R9 390X OC Edition	Grenada XT	GCN 2.0	2015-06	PCIe 3.0 x16 (2.1)	workstation	discrete	28nm	N/A	300-1080MHz	150-1050MHz	8GB	512-bit, GDDR5	Ubuntu 20.04	Linux 5.8.0 amdgpu	Mesa 21.0.1 radeonsi	Core 4.6	Core 4.60	256	illwieckz	unconfigured	2021-06-04	0.52	passed	ultra	3840×2160	-	180	
AMD	↑	↑	↑	↑	↑	↑	↑	↑	↑	↑	↑	↑	↑	↑	Ubuntu 20.04.2	Linux 5.8.0 amdgpu	Mesa 21.3.0 zink/radv	Core 4.6	Core 4.60	256	illwieckz	unconfigured	2021-07-15	0.52.1	passed	ultra	3840×2160	-	100-110	
AMD	↑	↑	↑	↑	↑	↑	↑	↑	↑	↑	↑	↑	↑	↑	Ubuntu 20.04	Linux 5.4.0 amdgpu	ATI 20.20 oglp	Core 4.6	Core 4.60	256	illwieckz	unconfigured	2020-08-27	0.52~	passed	ultra	3840×2160	-	100?	
AMD	↑	↑	↑	↑	↑	↑	↑	↑	↑	↑	↑	↑	↑	↑	Ubuntu 14.04.6	Linux 3.19.0 fglrx_pci	ATI 15.302 fglrx	Core 4.3	Core 4.40	256	illwieckz	unconfigured	2021-06-04	0.52	passed	ultra	3840×2160	-	110	
AMD	↑	↑	↑	↑	↑	↑	↑	↑	↑	↑	↑	↑	↑	↑	Ubuntu 20.04.2	Linux 5.4.0 radeon	Mesa 20.0.8 radeonsi	Core 4.6	Core 4.60	256	illwieckz	unconfigured	2020-07-05	0.52~	passed	ultra	3840×2160	-	180	
AMD	Asus	Radeon R7 240-2GD5-L	Oland PRO	GCN 1.0	2013-08-08	PCIe 2.1 x16	workstation	lowprofile	28nm	N/A	730-780MHz	1800MT/s?	2GB	128-bit, GDDR3	Ubuntu 20.04	Linux 5.4.0 radeon	Mesa 20.0.8 radeonsi	Core 4.5	Core 4.50	256	illwieckz	unconfigured	2020-09-23	0.52~	passed	ultra	1920×1080	-	69~	
AMD	AMD	FirePro S10000	2×Zaphod (Tahiti Pro GL)	GCN 1.0	2012-11-12	PCIe 3.0 x16	workstation	discrete	28nm	825MHz	N/A	1250MHz	2×3GB	384-bit, GDDR5	Ubuntu 20.04.4 	Linux 5.13.0 radeon	Mesa 21.2.5 radeonsi	Core 4.5	Core 4.50	256	illwieckz	unconfigured	2022-04-09	0.53.2	passed	ultra	3840×2160	-	76-77	
AMD	HIS	Radeon HD 7970 GHZ Edition	Tahiti XT2	GCN 1.0	2012-06-01	PCIe 3.0 x16 (2.1)	workstation	discrete	28nm	1050MHz	N/A	1500MHz	3GB	384-bit, GDDR5	Ubuntu 20.04	Linux 5.4.0 radeon	Mesa 20.0.8 radeonsi	Core 4.5	Core 4.50	256	golyath	unconfigured	2020-12-25	0.52~	passed	ultra	3840×2160	-	140-150	
AMD	↑	↑	↑	↑	↑	↑	↑	↑	↑	↑	↑	↑	↑	↑	Windows 10 2004	NT	Adrenalin	Core 4.5	Core 4.50	256	golyath	configured	2020-12-25	0.51.1	passed	high	1920×1080	-	70-120	
AMD	Asus	Radeon HD 7450	RV910, Caicos	TeraScale 2	2012-01	PCIe 2.1 x16	workstation	lowprofile	40nm	-	N/A	-	2GB	64-bit, DDR3	Ubuntu 20.04	Linux 5.4.0 radeon	Mesa 20.0.8 r600	Core 3.3	Core 3.30	256	illwieckz	lost	2020-07-18	0.52~	passed	low	1280×720	-	-	
AMD	Gigabyte	Radeon HD 6990	RV970, 2×Antilles XT	TeraScale 3	2011-03-08	PCIe 2.1 x16	workstation	discrete	40nm	830MHz	N/A	1250MHz	2×2GB	256-bit, GDDR5	Ubuntu 20.04.4	Linux 5.13.0 radeon	Mesa 20.0.4 r600	Core 4.3	Core 4.30	256	illwieckz	unplugged	2022-03-30	0.53~	passed	ultra	3840×2160	-	80-80	
AMD	XFX	Radeon HD 6970	RV970, Cayman XT	TeraScale 3	2010-12-15	PCIe 2.1 x16	workstation	discrete	40nm	880MHz	N/A	1375MHz	2GB	256-bit, GDDR5	Ubuntu 20.04.4	Linux 5.13.0 radeon	Mesa 20.0.8 r600	Core 4.3	Core 4.30	256	illwieckz	unplugged	2022-03-31	0.52	passed	ultra	3840×2160	-	83-83	
AMD	Asus	Radeon HD 6950	RV970, Cayman PRO	TeraScale 3	2010-12-14	PCIe 2.1 x16	workstation	discrete	40nm	880MHz	N/A	1250MHz	2GB	256-bit, GDDR5	Ubuntu 22.04.3	Linux 6.2.0 radeon	Mesa 23.0.4	Core 4.5	Core 4.50	256	illwieckz	unplugged	2023-10-27	0.55~	passed	ultra	1920×1080	-	130-160	0.54:110-146
AMD	Dell	FirePro 3D V4800	RV830, Redwood XT GL	TeraScale 2	2010-04-26	PCIe 2.1 x16	workstation	discrete	40nm	775MHz	N/A	900MHz	1GB	128-bit, GDDR5	Ubuntu 20.04	Linux 5.4.0 radeon	Mesa 20.0.8 r600	Core 3.3	Core 3.30	256	illwieckz	unplugged	2020-09-04	0.52~	passed	medium	2560×1440	-	-	
ATi	Gigabyte	Radeon HD 5870 Eyefinity 6	RV870, Cypress XT	TeraScale 2	2010-03-11	PCIe 2.1 x16	workstation	discrete	40nm	850MHz	N/A	4800MHz	2GB	256-bit, GDDR5	Ubuntu 20.04	Linux 5.4.0 radeon	Mesa 20.0.8 r600	Core 4.3	Core 4.30	256	illwieckz	unplugged	2020-07-08	0.52~	passed	ultra	1920×1080	-	-	
ATi	MSI	Radeon HD 5450	RV810, Cedar	TeraScale 2	2010-02-04	PCIe 2.1 x16	workstation	lowprofile	40nm	650MHz	N/A	400?800MHz?	1GB	64-bit, DDR3?	Ubuntu 20.04	Linux 5.4.0 radeon	Mesa 20.0.8 r600	Core 3.3	Core 3.30	256	illwieckz	unplugged	2020-08-04	0.52~	passed	low	1280×1024	-	-	
ATi	Asus	Radeon HD 5670	RV830, Redwood XT	TeraScale 2	2010-01-14	PCIe 2.1 x16	workstation	discrete	40nm	775MHz	N/A	1000MHz	1GB	64-bit, GDDR5	Ubuntu 20.04	Linux 5.4.0 radeon	Mesa 20.0.8 r600	Core 3.3	Core 3.30	256	illwieckz	lost	2020-07-18	0.52~	passed	low	1920×1080	-	-	
ATi	ATi	Radeon HD 5970	RV870, 2×Hemlock XT	TeraScale 2	2009-11-18	PCIe 2.1 x16	workstation	discrete	40nm	725MHz	N/A	1000MHz	2×1GB	256-bit, GDDR5	Ubuntu 20.04.4	Linux 5.13.0 radeon	Mesa 20.0.8 r600	Core 4.3	Core 4.30	256	illwieckz	unconfigured	2022-04-01	0.53~	passed	ultra	1920×1080	-	108-104	qhd:67-67
ATi	Sapphire	Radeon HD 4890 Vapor-X	RV790 XT	TeraScale 1	2009-04-02	PCIe 2.0 x16	workstation	discrete	55nm	240-870MHz	N/A	1050MHz	1GB	256-bit, GDDR5	Ubuntu 20.04	Linux 5.4.0 radeon	Mesa 20.0.8 r600	Core 3.3	Core 3.30	256	illwieckz	unplugged	2020-07-07	0.52~	passed	medium	1920×1080	fakefps	-	
ATi	HIS	Radeon HD 4350	RV710	TeraScale 1	2008-09-30	PCI	workstation	lowprofile	55nm	600MHz	N/A	400?650MHz?	512MB	64-bit DDR2	Ubuntu 20.04	Linux 5.4.0 radeon	Mesa 20.0.8 r600	Core 3.3	Core 3.30	256	illwieckz	unplugged	2020-10-21	0.52~	playable	low	1280×720	-	35-94	
ATi	HIS	Radeon HD 4670 IceQ	RV730 XT	TeraScale 1	2008-09-10	PCIe 2.0 x16	workstation	discrete	40nm	450MHz	N/A	1746MHz	1GB	128-bit, DDR3	Ubuntu 20.04	Linux 5.4.0 radeon	Mesa 20.0.8 r600	Core 3.3	Core 3.30	256	illwieckz	unplugged	2020-11-29	0.52~	passed	medium	1920×1080	-	77-98	
ATi	HIS	Radeon HD 4670 IceQ	RV730 XT	TeraScale 1	2008-09-10	AGP 2.0 8x	workstation	discrete	40nm	450MHz	N/A	1746MHz	1GB	128-bit, DDR3	Ubuntu 20.04.2	Linux 5.8.0 radeon	Mesa 20.2.6 r600	Core 3.3	Core 3.30	256	illwieckz	unplugged	2021-06-03	0.52	passed	medium	1920×1080	-	77-110	
ATi	Club3D	Radeon HD 4870 X2	2×RV770 XT	TeraScale 1	2008-08-12	PCIe 2.0 x16	workstation	discrete	55nm	750MHz	N/A	900MHz	2×1GB	256-bit GDDR5	-	-	-	-	-	-	-	-	-	-	-	-	-	-	-	
ATi	HP	Radeon HD 3650	RV635 PRO	TeraScale 1	2008-01-23	PCIe 2.0 x16	workstation	discrete	55nm	109-725MHz	N/A	252-485MHz	256MB	128-bit, DDR2	Ubuntu 20.04	Linux 5.4.0 radeon	Mesa 20.0.8 r600	Core 3.3	Core 3.30	256	illwieckz	configured	2020-07-05	0.52~	passed	lowest	1280×720	nohyperz	-	
ATi	Sapphire	Radeon HD 2600 PRO	RV630	TeraScale 1	2007-06-28	AGP 2.0 8x	workstation	discrete	65nm	600MHz	N/A	500?700MHz?	512MB	128-bit, DDR2	Ubuntu 20.04	Linux 5.4.0 radeon	Mesa 20.0.8 r600	Core 3.3	Core 3.30	256	illwieckz	configured	2020-07-18	0.52~	passed	lowest	1280×720	nohyperz	-	
ATi	Palit	Radeon X550 XT	RV410 alto	R400	2007-01-24	PCIe 1.0 x16	workstation	discrete	110nm	400MHz	N/A	300MHz	256MB	64-bit, DDR2	Ubuntu 20.04	Linux 5.4.0 radeon	Mesa 20.0.8 r300	2.1	1.20	41	illwieckz	unplugged	2020-11-24	0.52~	slow	lowest	640×480	lowtex, slowmodel	21	
ATi	ATi	Radeon X1050	RV370 hari	R300	2006-12-07	PCIe 1.0 x16	workstation	discrete	110nm	400MHz	N/A	200MHz	128MB	64-bit, DDR2	Ubuntu 20.04	Linux 5.4.0 radeon	Mesa 20.0.8 r300	2.1	1.20	41	illwieckz	unplugged	2020-10-05	0.52~	slow	lowest	640×480	lowtex, slowmodel, tinyalu	13-50	
ATi	Sapphire	Radeon X1950 PRO	RV570	R500	2006-10-25	PCIe 1.0 x16	workstation	discrete	80nm	575MHz	N/A	690MHz	512MB	256-bit, GDDR3	Ubuntu 20.04	Linux 5.4.0 radeon	Mesa 20.0.8 r300	2.1	1.20	41	illwieckz	unplugged	2020-11-28	0.52~	slow	low	1920×1080	lowsky, slowmodel	16-70	
ATi	MSI	Radeon X1950 PRO	RV570	R500	2006-10-25	AGP 2.0 8x	workstation	discrete	80nm	575MHz	N/A	690MHz	512MB	256-bit, GDDR3	Ubuntu 20.04	Linux 5.4.0 radeon	Mesa 20.0.8 r300	2.1	1.20	41	illwieckz	unplugged	2020-08-25	0.52~	slow	low	1920×1080	lowsky, slowmodel	13-60	
ATi	GeCube	Radeon X550 HyperMemory	RV370 hari	R300	2005-07-21	PCIe 1.0 x16	workstation	lowprofile	110nm	400MHz	N/A	250MHz	128MB	64-bit, DDR HM	Ubuntu 20.04	Linux 5.4.0 radeon	Mesa 20.0.8 r300	2.1	1.20	41	illwieckz	unplugged	2020-10-05	0.52~	slow	lowest	640×480	lowtex, slowmodel, tinyalu	13-49	
ATi	ATi	Radeon X300	RV370 hari	R300	2004-09-01	PCIe 1.0 x16	workstation	lowprofile	110nm	325MHz	N/A	200MHz	64MB	128-bit, DDR	Ubuntu 20.04	Linux 5.4.0 radeon	Mesa 20.0.8 r300	2.1	1.20	41	illwieckz	unplugged	2020-10-05	0.52~	slow	lowest	640×480	lowtex, slowmodel, tinyalu	13-44	
ATi	PowerColor	Radeon 9200 SE R92LE	RV280 argus	R200	2003-04-01	AGP 2.0 8x	workstation	lowprofile	-	250MHz	N/A	200MHz	128MB	128-bit, DDR	Ubuntu 20.04	Linux 5.4.0 radeon	Mesa 20.0.8 r200	1.3	N/A	-	illwieckz	unplugged	2020-08-09	0.52~	missing	-	-	-	-	
ATi	ATi	Radeon 9500	R300 khan	R300	2002-10-24	AGP 2.0 8x	workstation	discrete	150nm	275MHz	N/A	270MHz	128MB	256-bit, DDR	Ubuntu 20.04	Linux 5.4.0 radeon	Mesa 20.0.8 r300	2.1	1.20	41	illwieckz	unplugged	2020-10-10	0.52~	slow	lowest	640×480	lowtex, slowmodel, tinyalu	9-40	
ATi	Hercules	Radeon 9700 PRO	R300 khan	R300	2002-07-18	AGP 2.0 8x	workstation	discrete	150nm	325MHz	N/A	310MHz	128MB	256-bit, DDR	Ubuntu 20.04	Linux 5.8.0 radeon	Mesa 20.2.6 r300	2.1	1.20	41	illwieckz	unplugged	2021-05-06	0.52~	slow	lowest	640×480	lowtex, slowmodel, tinyalu	12-45	
ATi	HIS	Radeon 7000 VE Excalibur	RV100 piglet	R100	2001-02-19	AGP 2.04x	workstation	discrete	180nm	183MHz	N/A	182MHz	32MB	64-bit, DDR	Ubuntu 14.04.6	Linux 4.4.0 radeon	Mesa 10.1.3 r100	No	N/A	-	illwieckz	configured	2022-02-03	0.52~	missing	-	-	-	-	
																														
Brand	Vendor	Name	Code name	Micro arch.	Launch	Bus	Host	Form	Lith.	Core freq.	Shader freq.	Memory freq.	Mem. size	Mem. width, type	System	Kernel module	OpenGL driver	OpenGL	GLSL	Bones	Tester	Availability	Updated	Unv.	Status	Preset	Resolution	Note	FPS	
Intel	Dell	UHD 620 rev.2 (i7-10610U)	Comet Lake	Gen10 GT2	2020-Q2 (2017?)	PCIe 3.0 x1?	laptop	integrated	14nm	-	N/A	-	3GB	-, shared DDR4	Ubuntu 20.04	Linux 5.4.0 i915	Mesa 20.0.8 i965	Core 4.6	Core 4.60	256	quantix	unconfigured	2020-08-12	0.52~	passed	medium	2560×1440	-	-	
Intel	Intel	UHD 620 (i5-10210U)	Comet Lake	Gen10 GT2	2019-Q3 (2017)	PCIe 3.0 x1?	minipc	integrated	14nm	300-1100MHz	N/A	-	3GB	-, shared DDR4	Ubuntu 20.04	Linux 5.4.0 i915	Mesa 20.0.8 i965	Core 4.6	Core 4.60	256	illwieckz	lost	2020-07-09	0.52~	passed	medium	2560×1440	-	-	
Intel	Clevo	HD 530 (i7-6700HQ)	Skylake	Gen9 GT2	2015-Q3 (2015)	PCIe 3.0 x1?	laptop	integrated	14nm	350-1050MHz	N/A	-	3GB	-, shared DDR4	Manjaro	Linux 5.12.0 i915	Mesa 21.0.3 i965	Core 4.6	Core 4.60	256	poVoq	configured	2020-04-26	0.52~	passed	medium	1920×1080	-	80-120	
Intel	Gigabyte	HD 520 (i3-6100U)	Skylake	Gen9 GT2	2015-Q3 (2015)	PCIe 3.0 x1?	minipc	integrated	14nm	300-1000MHz	N/A	-	3GB	-, shared DDR4	Ubuntu 20.04	Linux 5.4.0 i915	Mesa 20.0.8 i965	Core 4.6	Core 4.60	256	illwieckz	lost	2020-09-05	0.52~	passed	medium	1920×1080	-	-	
Intel	Lenovo (Thinkpad W541)	HD 4600 (i7-4810MQ)	Haswell	Gen7 GT2	2014-Q1 (2013)	PCIe 3.0 x1?	laptop	integrated	22nm	400-1300MHz	N/A	-	2GB	-, shared DDR3	Ubuntu 20.04	Linux 5.4.0 i915	Mesa 20.0.8 i965	Core 4.5	Core 4.50	256	illwieckz	configured	2020-08-07	0.52~	passed	medium	1920×1080	-	-	
Intel	Lenovo (Thinkpad T440p)	HD 4600 (i5-4300M)	Haswell	Gen7 GT2	2013-Q4 (2013)	PCIe 3.0 x1?	laptop	integrated	22nm	400-1250MHz	N/A	-	1536MB	-, shared DDR3	Ubuntu 20.04	Linux 5.4.0 i915	Mesa 20.0.8 i965	Core 4.5	Core 4.50	256	illwieckz	unconfigured	2020-08-07	0.52~	passed	ultra	1366×768	-	-	
Intel	Asus	HD 4000 (i5-3337U)	Ivy Bridge	Gen7 GT2	2013-Q1 (2013)	PCIe 2.0 x1?	laptop	integrated	22nm	350-1220MHz	N/A	-	1536MB	-, shared DDR3	Ubuntu 20.04	Linux 5.4.0 i915	Mesa 20.0.8 i965	Core 4.2	Core 4.20	256	quantix	unconfigured	2020-08-12	0.52~	passed	medium	1920×1080	-	-	
Intel	Lenovo (Thinkpad W530)	HD 4000 (i7-3740QM)	Ivy Bridge	Gen7 GT2	2012-Q2 (2013)	PCIe 2.0 x1?	laptop	integrated	22nm	650-1300MHZ	N/A	-	1536MB	-, shared DDR3	Ubuntu 20.04	Linux 5.4.0 i915	Mesa 20.0.8 i965	Core 4.2	Core 4.20	256	mary	unconfigured	2020-08-21	0.52~	passed	medium	1920×1080	-	-	
Intel	Dell (Precision T1650)	HD P4000 (Xeon E3-1275V2)	Ivy Bridge	Gen7 GT2	2012-Q2 (2012)	PCIe 2.0 x1?	workstation	integrated	22nm	650-1350MHz	N/A	-	1536MB	-, shared DDR3	Ubuntu 20.04	Linux 5.4.0 i915	Mesa 20.0.8 i965	Core 4.2	Core 4.20	256	dom	unconfigured	2020-09-04	0.52~	passed	medium	1920×1080	-	-	
Intel	Dell (Precision T1600)	HD 2000 (Xeon E3-1225)	Sandy Bridge	Gen6 GT1	2011-Q2	PCIe 2.0 x1?	workstation	integrated	32nm	850-1250MHz	N/A	-	1536MB	-, shared DDR3	Ubuntu 20.04	Linux 5.4.0 i915	Mesa 20.0.8 i965	Core 3.3	Core 3.30	256	dom	unconfigured	2020-09-04	0.52~	passed	low	1920×1080	-	-	
Intel	Toshiba	GM45 (Pentium U4100)	Cantigua	GMA Gen4 (GM45)	2009-Q3 (2008)	PCIe 1.0 x1?	workstation	onboard	45nm	533MHz	-	-	1536MB	-, shared DDR3?	Debian 10.10	Linux 4.19.0 i915	Mesa 18.3.6 i964	2.1	1.20	256	th2otime	configured	2021-07-22	0.52.0	slow	low	800×600	slowmodel	17-58	
Intel	Lenovo	GMA 4500 (Pentium E5200)	Eaglelake	GMA Gen4 (Q45)	2008-Q3 (2008)	PCIe 1.0 x1?	workstation	onboard	45nm	533MHz	-	-	1536MB	-, shared DDR3	Ubuntu 20.04	Linux 5.4.0 i915	Mesa 20.0.8 i965	2.1	1.20	256	illwieckz	unconfigured	2020-08-08	0.52~	slow	lowest	640×480	slowmodel	-	
Intel	HP	GMA 3100 (Pentium E5200)	Bearlake	GMA Gen3 (G33)	2008-Q3 (2007)	PCIe 1.0 x1?	workstation	onboard	45nm	400MHz	-	-	384MB	-, shared DDR2	Ubuntu 20.04	Linux 5.4.0 i915	Mesa 20.0.8 i965	2.1	1.20	-	illwieckz	unconfigured	2021-07-14	0.52.1	missing	-	-	nohalfloatvertex	-	
Intel	Dell	GMA 3100 (Pentium E2200)	Bearlake	GMA Gen3 (82Q35)	2007-Q4 (2007)	PCIe 1.1 x16	workstation	onboard	65nm	400MHz	-	-	-	-, shared DDR2	Ubuntu 20.04	Linux 5.4.0 i915	Mesa 20.0.4 i965	2.1	1.20	-	papap	unconfigured	2021-07-08	0.52.1	missing	-	-	nohalfloatvertex	-	
Intel	Lenovo (Thinkpad X61T)	GMA X3100 (Core 2 Duo L7500)	Crestline	GMA Gen4 (GM965)	2006-Q3 (2007)	PCIe 1.0 x1?	laptop	onboard	65nm	400MHz	500MHz	-	384MB	-, shared DDR2	Ubuntu 20.04	Linux 5.4.0 i915	Mesa 20.0.8 i965	2.1	1.20	256	illwieckz	configured	2020-07-07	0.52~	slow	lowest	640×480	lowtex, slowmodel	-	
																														
Brand	Vendor	Name	Code name	Micro arch.	Launch	Bus	Host	Form	Lith.	Core freq.	Shader freq.	Memory freq.	Mem. size	Mem. width, type	System	Kernel module	OpenGL driver	OpenGL	GLSL	Bones	Tester	Availability	Updated	Unv.	Status	Preset	Resolution	Note	FPS	
Nvidia	PNY	GeForce GTX 1050 Ti	NV137, GP107-400-A1 	Pascal	2016-10-25	PCIe 3.0 x16	workstation	discrete	16nm	-	-	-	4GB	128-bit, GDDR5	Ubuntu 20.04	Linux 5.4.0 nouveau	Mesa 20.0.8 nvc0	Core 4.3	Core 4.30	256	quantix	unconfigured	2020-08-12	0.52~	passed	medium	1920×1080	-	-	
Nvidia	↑	↑	↑	↑	↑	↑	↑	↑	↑	↑	↑	↑	↑	↑	Ubuntu 20.04	Linux 5.4.0 nvidia	Nvidia 440.100 nvidia	Core 4.6	Core 4.60	233	quantix	unconfigured	2020-08-12	0.52~	passed	ultra	3840×2160	-	-	
Nvidia	Gigabyte	GeForce GTX 1060	NV136, GP106-300-A1	Pascal	2016-08-18	PCIe 3.0 x16	workstation	discrete	16nm	-	-	-	3GB	192-bit, GDDR5	Ubuntu 20.04	Linux 5.4.0 nouveau	Mesa 20.0.8 nvc0	Core 4.3	Core 4.30	256	illwieckz	lost	2020-07-18	0.52~	passed	ultra	1920×1080	-	-	
Nvidia	↑	↑	↑	↑	↑	↑	↑	↑	↑	↑	↑	↑	↑	↑	Ubuntu 20.04	Linux 5.4.0 nvidia	Nvidia 440.100 nvidia	Core 4.6	Core 4.60	233	illwieckz	lost	2020-07-18	0.52~	passed	ultra	3840×2160	-	-	
Nvidia	Lenovo (Thinkpad W541)	Quadro K1100M	NVE7, GK107GLM	Kepler	2013-07-23	PCIe 3.0 x16	laptop	onboard	28nm	716MHz	716MHz	1400MHz	2GB	128-bit, GDDR5	Ubuntu 20.04	Linux 5.4.0 nouveau	Mesa 20.0.8 nvc0	Core 4.3	Core 4.30	256	illwieckz	unconfigured	2020-07-11	0.52~	passed	low	1280×720	-	86-109	
Nvidia	↑	↑	↑	↑	↑	↑	↑	↑	↑	↑	↑	↑	↑	↑	Ubuntu 20.04	Linux 5.4.0 nvidia	Nvidia 390.138 nvidia	Core 4.6	Core 4.60	233	illwieckz	unconfigured	2020-07-11	0.52~	passed	medium	1920×1080	-	152-170	
Nvidia	Asus	GeForce GT 740M	NVE7, GK107M	Kepler	2013-04-01	PCIe 3.0 x16	laptop	onboard	28nm	-	-	-	2GB	-	Ubuntu 20.04	Linux 5.4.0 nouveau	Mesa 20.0.8 nvc0	Core 4.3	Core 4.30	256	quantix	unconfigured	2020-08-12	0.52~	passed	medium	1366×768	-	-	
Nvidia	↑	↑	↑	↑	↑	↑	↑	↑	↑	↑	↑	↑	↑	↑	Ubuntu 20.04	Linux 5.4.0 nvidia	Nvidia 440.100 nvidia	Core 4.6	Core 4.60	233	quantix	unconfigured	2020-08-12	0.52~	passed	medium	1920×1080	-	-	
Nvidia	Asus	GeForce GTX 650	NVE7, GK107	Kepler	2012-09-13	PCIe 3.0 x16	workstation	discrete	28nm	-	-	-	2GB	-	Ubuntu 20.04	Linux 5.4.0 nouveau	Mesa 20.0.8 nvc0	Core 4.3	Core 4.30	256	illwieckz	lost	2020-07-18	0.52~	passed	medium	1280×720	-	-	
Nvidia	↑	↑	↑	↑	↑	↑	↑	↑	↑	↑	↑	↑	↑	↑	Ubuntu 20.04	Linux 5.4.0 nvidia	Nvidia 440.100 nvidia	Core 4.6	Core 4.60	233	illwieckz	lost	2020-07-18	0.52~	passed	high	1920×1080	-	-	
Nvidia	Lenovo (Thinkpad W530)	Quadro K2000M	NVE7, GK107GLM	Kepler	2012-06-01	PCIe 3.0 x16	laptop	onboard	28nm	745MHz	N/A	1800MHz	1536MB	64-bit, DDR3	Ubuntu 20.04	Linux 5.4.0 nouveau	Mesa 20.0.8 nvc0	Core 4.3	Core 4.30	256	mary	unconfigured	2020-08-21	0.52~	passed	medium	1920×1080	-	-	
Nvidia	↑	↑	↑	↑	↑	↑	↑	↑	↑	↑	↑	↑	↑	↑	Ubuntu 20.04	Linux 5.4.0 nvidia	Nvidia 390.138 nvidia	Core 4.6	Core 4.60	233	mary	unconfigured	2020-08-21	0.52~	passed	high	1920×1080	-	-	
Nvidia	Asus	GeForce GT 610/GT 520	NVD9, GF119-300-A1	Fermi	2012-05-15	PCIe 2.0 x16	workstation	lowprofile	40nm	810MHz	1620MHz	1000?18000MHz?	1GB	64-bit, DDR3	Ubuntu 20.04	Linux 5.4.0 nouveau	Mesa 20.0.8 nvc0	Core 4.3	Core 4.30	256	illwieckz	lost	2020-07-11	0.52~	passed	low	1280×720	-	-	
Nvidia	↑	↑	↑	↑	↑	↑	↑	↑	↑	↑	↑	↑	↑	↑	Ubuntu 20.04	Linux 5.4.0 nvidia	Nvidia 390.138 nvidia	Core 4.6	Core 4.60	233	illwieckz	lost	2020-07-11	0.52~	passed	medium	1280×720	-	-	
Nvidia	Apple	Geforce GT 640M	NV108, GK208	Kepler	2012-03-22	PCIe 2.0 x16	workstation	onboard	28nm	625MHz	625MHz	1800-4000MHz	512MB	128-bit, DDR3	macOS 10.15.7	Darwin 19.6.0	Nvidia 14.0.2	Core 4.1	Core 4.10	233	illwieckz	configured	2021-06-03	0.52	passed	high	1920×1080	fakefps	118-122	Nvidia 355.11.11.10.10.143
Nvidia	Nvidia	Quadro NVS 300	NVA8, GT218	Tesla 2.0	2011-01-08	PCIe 2.0 x16	workstation	lowprofile	40nm	589MHz	1402MHz	1580MHz	512MB	64-bit, DDR3	Ubuntu 20.04	Linux 5.4.0 nouveau	Mesa 20.0.8 nv50	Core 3.3	Core 3.30	256	illwieckz	unplugged	2020-09-04	0.52~	passed	lowest	800×600	-	-	
Nvidia	↑	↑	↑	↑	↑	↑	↑	↑	↑	↑	↑	↑	↑	↑	Ubuntu 20.04	Linux 5.4.0 nvidia	Nvidia 340.108 nvidia	Core 3.3	Core 3.30	233	illwieckz	unplugged	2020-09-04	0.52~	passed	low	1280×720	nogather	-	
Nvidia	PNY	Geforce GTX 460	NVC4, GF104-300-KB-A1 	Fermi	2010-07-12	PCIe 2.0 x16	workstation	discrete	40nm	675MHz	1350MHz	3600MHz	1GB	256-bit GDDR5	Mint 20.01	Linux 5.4.0 nvidia	Nvidia 390.143	Core 4.6	Core 4.60	233	RaFaL	configured	2021-05-11	0.52	passed	medium	1280×720	hickups	90 (45)	
Nvidia	Gainward	GeForce 8400 GS rev.3	NVA8, GT218	Tesla 2.0	2010-07-12	PCIe 2.0 x16	workstation	lowprofile	40nm	-	-	-	512MB	-	Debian 10.5	Linux 4.19.0 nvidia	Nvidia 340.108 nvidia	Core 3.3	Core 3.30	233	freem	unplugged	2020-09-05	0.51.1	passed	low	1024×768	nogather	-	
Nvidia	Lenovo	Quadro 880M	NVA5, GT216GLM	Tesla 2.0	2010-01-07	PCIe 2.0 x16	laptop	onboard	40nm	550MHz	1210MHz	1600MHz	1GB	128-bit, GDDR3	Ubuntu 20.04.2	Linux 5.8.0 nouveau	Mesa 20.2.6 nv50	Core 3.3	Core 3.30	256	asellia	unconfigured	2021-07-28	0.52.1	passed	medium	1280×720	-	60-79	
Nvidia	↑	↑	↑	↑	↑	↑	↑	↑	↑	↑	↑	↑	↑	↑	Ubuntu 20.04.2	Nvidia 340.108 nvidia	Nvidia 340.108 nvidia	Core 3.3	Core 3.30	233	asellia	unconfigured	2021-07-28	0.52.1	passed	medium	1280×720	nogather	100-145	
Nvidia	Asus	GeForce 210 Silent	NVA8, GT218-325-B1	Tesla 2.0	2009-08-12	PCIe 2.0 x16	workstation	lowprofile	40nm	520?589MHz?	1230?1402MHz?	1000-1600MHz?	1GB	128-bit, DDR3	Ubuntu 20.04	Linux 5.4.0 nouveau	Mesa 20.0.8 nv50	Core 3.3	Core 3.30	256	illwieckz	unplugged	2020-07-11	0.52~	playable	low	1280×720	lowtex	-	
Nvidia	↑	↑	↑	↑	↑	↑	↑	↑	↑	↑	↑	↑	↑	↑	Ubuntu 20.04	Nvidia 340.108 nvidia	Nvidia 340.108 nvidia	Core 3.3	Core 3.30	233	illwieckz	unplugged	2020-07-11	0.52~	passed	low	1280×720	nogather	-	
Nvidia	Asus	GeForce 8400 GS rev.2	NV98, G98	Tesla 1.0	2007-12-10	PCIe 1.0 x16	workstation	lowprofile	65nm	-	-	-	512MB	-	Debian 10.5	Linux 4.19.0 nvidia	Nvidia 340.108 nvidia	Core 3.3	Core 3.30	233	freem	unplugged	2020-09-05	0.51.1	passed	low	1024×768	nogather	-	
Nvidia	PNY	GeForce 8400 GS rev.2	NV98, G98	Tesla 1.0	2007-12-10	PCI	workstation	lowprofile	65nm	-	-	-	512MB	-	Ubuntu 20.04	Linux 5.4.0 nouveau	Mesa 20.0.8 nv30	Core 3.3	Core 3.30	256	illwieckz	unplugged	2020-09-25	0.52~	playable	lowest	640×480	-	32+	
Nvidia	↑	↑	↑	↑	↑	↑	↑	↑	↑	↑	↑	↑	↑	↑	Ubuntu 20.04	Linux 5.4.0 nvidia	Nvidia 340.108 nvidia	Core 3.3	Core 3.30	233	illwieckz	unplugged	2021-05-31	0.52	passed	medium	800×600	nogather	67-112 (120?)	
Nvidia	Dell (Optiplex 740)	GeForce 6150 LE + nForce 430	NV4C, MCP61	Curie	2006-06	HyperTransport	workstation	onboard	90nm	425MHz	N/A	400MHz?	128MB	64?128-bit?, DDR2?	Ubuntu 22.04.1	Linux 5.15.0 nouveau	Mesa 23.0.0 nv30	2.1	1.20	-	illwieckz	configured	2022-11-26	0.54~	slow	-	-	extfbo, mesamain	-	
Nvidia	↑	↑	↑	↑	↑	↑	↑	↑	↑	↑	↑	↑	↑	↑	Ubuntu 16.04.7	Linux 4.4.0 nvidia	Nvidia 304.134 nvidia	2.1	1.20	41	illwieckz	unconfigured	2020-09-30	0.52~	slow	lowest	640×480	nvidiagarbage, slowmodel, norgtc	7-35	
Nvidia	Asus	GeForce 7500 LE	NV46, G72	Curie	2006	PCIe 1.0 x16	workstation	lowprofile	90nm	263?324MHz?	N/A	275MHz	256MB	64-bit?, DDR2 TC	Ubuntu 22.04.1	Linux 5.15.0 nouveau	Mesa 23.0.0 nv30	2.1	1.20	-	illwieckz	unplugged	2022-11-26	0.54~	slow	-	-	extfbo, mesamain	-	
Nvidia	↑	↑	↑	↑	↑	↑	↑	↑	↑	↑	↑	↑	↑	↑	Ubuntu 16.04.7	Linux 4.11.0 nvidia	Nvidia 304.134 nvidia	2.1	1.20	41	illwieckz	unplugged	2021-06-03	0.52	slow	lowest	640×480	nvidiagarbage, slowmodel, norgtc	15-100	
Nvidia	Asus/HP	GeForce Extreme N6600LE Silencer	NV43	Curie	2004-08-12	PCIe 1.0 x16	workstation	discrete	110nm	300MHz	N/A	250-500MHz	256MB	128-bit, DDR	Ubuntu 22.04.1	Linux 5.15.0 nouveau	Mesa 23.0.0 nv30	2.1	1.20	-	illwieckz	unplugged	2022-11-26	0.54~	slow	-	-	extfbo, mesamain	-	
Nvidia	↑	↑	↑	↑	↑	↑	↑	↑	↑	↑	↑	↑	↑	↑	Ubuntu 16.04.7	Linux 4.4.0 nvidia	Nvidia 304.134 nvidia	2.1	1.20	41	illwieckz	unconfigured	2020-09-30	0.52~	slow	lowest	640×480	nvidiagarbage, slowmodel, norgtc	16-67	
Nvidia	Chaintech	Geforce FX 5200 Cinema	NV34	Rankine	2003-03	AGP 2.0 8x	workstation	discrete	150nm	250MHz	N/A	20MHz	128MB	128-bit?, DDR	Ubuntu 16.04.7	Linux 4.8.0 nouveau	Mesa 18.0.5 nv30	1.5	N/A	-	illwieckz	unplugged	2020-10-03	0.52~	missing	-	-	-	-	
Nvidia	Nvidia	Geforce 4 MX440 8x	NV18	Celsius	2002-09-28	AGP 2.0 8x	workstation	lowprofile	150nm	275MHz	N/A	250MHz	64MB	128-bit, DDR	Ubuntu 20.04	Linux 5.4.0 nouveau	Mesa 20.0.8 vieux	1.2	N/A	-	illwieckz	unplugged	2020-08-09	0.52~	missing	-	-	-	-	
																														
Brand	Vendor	Name	Code name	Micro arch.	Launch	Bus	Host	Form	Lith.	Core freq.	Shader freq.	Memory freq.	Mem. size	Mem. width, type	System	Kernel module	OpenGL driver	OpenGL	GLSL	Bones	Tester	Availability	Updated	Unv.	Status	Preset	Resolution	Note	FPS	
Broadcom	Raspberry Pi (Raspberry Pi 4)	VideoCore VI (BCM2711)	-	VC4 V3D 4.2	2019-Q2	chip	singleboard	SoC	28nm	500MHz	-	-	2GB	LPDDR4-3200 SDRAM	Debian 12 Bookworm	Linux 6.1.0 vc4	Mesa 20.2.1 v3d	3.1	1.40	256	illwieckz	configured	2023-12-19	0.54.1	passed	low	800×480	-	100-120	0.54.0: 14-41
Broadcom	Raspberry Pi (Raspberry Pi 3B+)	VideoCore IV (BCM2837)	-	VC4 V3D 2.1	2016-Q1	chip	singleboard	SoC	28nm	300MHz	-	-	1GB	LPDDR-900 SDRAM	Debian 12 Bookworm	Linux 6.1.0 vc4	Mesa 20.2.1 vc4	2.1	1.20	256	illwieckz	configured	2023-12-19	0.54.1	missing	lowest	800×480	crash	-	
																														
Brand	Vendor	Name	Code name	Micro arch.	Launch	Bus	Host	Form	Lith.	Core freq.	Shader freq.	Memory freq.	Mem. size	Mem. width, type	System	Kernel module	OpenGL driver	OpenGL	GLSL	Bones	Tester	Availability	Updated	Unv.	Status	Preset	Resolution	Note	FPS	
ARM	Orange Pi (Orange Pi 5)	Mali-G610 (Rockchip RK3588S)	MP4 Odin	Valhall 3rd gen	2021-Q2	chip	singleboard	SoC	4nm	600MHz	-	-	16GB	LPDDR4x	Debian 11 Bullseye	Linux 5.10.11 panfrost	None	No	N/A	-	illwieckz	configured	2023-01-11	0.54.0~	missing	-	-	noaccel	-	
ARM	Banana Pi (Banana Pi M5)	Mali-G31 (Amlogic S905X3)	MP2 Dvalin	Bifrost 1st gen	2018-Q1	chip	singleboard	SoC	28nm	650MHz	-	-	4GB	LPDDR4-1066 SDRAM	Debian 11 Bullseye	Linux 5.19.16 panfrost	Mesa 23.0.0 panfrost	3.1	1.40	256	illwieckz	configured	2022-11-21	0.54.0~	playable	lowest	800×600	mesamain	33-59	
			-																											
Brand	Vendor	Name	Code name	Micro arch.	Launch	Bus	Host	Form	Lith.	Core freq.	Shader freq.	Memory freq.	Mem. size	Mem. width, type	System	Kernel module	OpenGL driver	OpenGL	GLSL	Bones	Tester	Availability	Updated	Unv.	Status	Preset	Resolution	Note	FPS	
Via	Asus	Chrome 9	K8M890CE / K8N890CE	Chromotion CE	2005-10	PCIe 1.0 x16?	workstation	onboard	-	250MHz	-	-	256MB	128-bit	Ubuntu 20.04	Linux 5.4.0 viafb	None	No	N/A	-	papap	unconfigured	2021-07-09	0.52.1	missing	-	-	noaccel	-	
																														
Brand	Vendor	Name	Code name	Micro arch.	Launch	Bus	Host	Form	Lith.	Core freq.	Shader freq.	Memory freq.	Mem. size	Mem. width, type	System	Kernel module	OpenGL driver	OpenGL	GLSL	Bones	Tester	Availability	Updated	Unv.	Status	Preset	Resolution	Note	FPS	
ASPEED	Gigabyte	ASPEED Graphics Family rev 41	-	-	-	PCIe 4.0 x1?	workstation	onboard	-	-	-	-	-	-	Ubuntu 21.10	Linux 5.13.0 ast	None	No	N/A	-	illwieckz	configured	2021-11-07	0.52.1	missing	-	-	noaccel	-	
